year,ctrycode,lending,cap_raising,altfin
2015,AD,,.001472,.001472
2016,AD,,.00288211564302,.0028821158
2013,AE,,.1,.1
2014,AE,.5,16.64957341674694,17.149574
2015,AE,6.85,11.5852497935403,18.435249
2016,AE,12.461856,13.69652240935,26.158379
2017,AE,25.85919,6.5725307625,32.431721
2018,AE,44.099154,6.548659651408,50.647812
2019,AE,81.44424958709089,9.39998170938318,90.844231
2020,AE,68.13192487153501,.8632372185339899,68.995171
2017,AF,,.0021646884,.0021646884
2018,AF,,.1844789577,.18447895
2020,AF,,.0212571571755,.021257157
2015,AL,,.004765491873,.0047654915
2016,AL,,.0345106092482491,.034510609
2017,AL,2.111705597641225,.0215865884435864,2.133292
2018,AL,17.90016980065,.01157034,17.911739
2019,AL,79.62850773177259,.00346406960587,79.631966
2020,AL,60.77281035281941,.01582557173,60.788635
2015,AM,,.270962559917,.27096257
2016,AM,,.47793155713878,.47793156
2017,AM,2.422392515300034,.0717235364483798,2.4941161
2018,AM,184.01324388545,.01879365192,184.03204
2019,AM,468.8689432060421,.06922675149744,468.93814
2020,AM,128.94494809,.0438401,128.98878
2014,AO,,.00376,.00376
2015,AO,,.0144794547734494,.014479456
2017,AO,,.014715,.014715
2019,AO,,.00397789627059,.0039778962
2013,AR,.8,1.370116,2.1701159
2014,AR,1.7,1.064136,2.7641361
2015,AR,8.199999999999999,1.354516,9.5545158
2016,AR,11.3925,1.189970784290759,12.582471
2017,AR,26.79736534,3.081707191700001,29.879074
2018,AR,123.733476560231,5.467027256750001,129.2005
2019,AR,45.66480276168008,12.74574498493148,58.410549
2020,AR,72.54839080044,12.876716345781,85.42511
2013,AT,,.47540305965,.90040368
2014,AT,,3.321325,4.2247257
2015,AT,2.220121999999989,11.39605241386787,13.616174
2016,AT,5.53323,18.35719438080357,23.890425
2017,AT,10.96103916231,18.65082166003567,37.192589
2018,AT,12.0642661,27.27384466475,39.338112
2019,AT,,22.13805299569776,22.138052
2020,AT,.0275110031323,52.63390473336645,52.661415
2013,AU,11.39625,14.65504911,26.0513
2014,AU,51.916,48.83796007999999,100.75396
2015,AU,272.78843875,100.5228173,373.31125
2016,AU,548.603427,60.99302497781027,609.5965
2017,AU,1089.171095,49.565555,1148.5156
2018,AU,979.841304391092,146.7047695159152,1126.546
2019,AU,1121.974528730068,89.79824506473315,1211.7728
2020,AU,1012.503815244045,149.5719203588707,1162.0758
2015,BA,,.0312604278209999,.031260427
2016,BA,,.0213456520355999,.021345653
2017,BA,,.0095127808253352,.0095127812
2018,BA,,.06912719075,.069127187
2019,BA,.0193464811584,.01240968796568,.031756166
2020,BA,.01971755015,.29125092036125,.31096846
2014,BB,,.015567,.015567
2015,BB,,.015198,.015198
2017,BB,,.021593,.021593001
2018,BB,,.00981289,.0098128896
2020,BB,,.01061522,.010615219
2017,BD,,.010272,.010272
2018,BD,.05,.33963579,.38963577
2019,BD,8.105,.02615147362847,8.1311512
2020,BD,3.586372,2.29639887738467,5.882771
2013,BE,.3984381,.7106143513500001,1.2468736
2014,BE,1.6606625,1.062824,3.0609663
2015,BE,31.65560953699999,9.124338430052985,40.779949
2016,BE,58.2371350854,4.092462807013432,62.329601
2017,BE,99.65064855,2.178204979781578,102.70452
2018,BE,44.4687005852,5.5053346345,49.974037
2019,BE,71.192402729235,3.260829246323679,74.453232
2020,BE,61.2652253169315,14.51384490099372,75.779076
2013,BF,.28725,.003233072460065,.29048306
2014,BF,.49565,.0357909650207802,.53144091
2015,BF,.811325,.0987921799328168,.91011721
2016,BF,1.008275,.0345760712124523,1.0428511
2017,BF,1.040775,.068982,1.1097569
2018,BF,.7448,.00060137,.74540138
2019,BF,1.172275,.111958803,1.2842338
2020,BF,1.0449,.0642468034347525,1.1091467
2015,BG,,1.29262163206,1.2926216
2016,BG,1.39990719,.1188338824413823,1.5187411
2017,BG,11.88167356939564,.1660353859643488,12.047709
2018,BG,40.056108186861,.331947887694,40.388058
2019,BG,67.08137359058931,.58044167292005,67.661819
2020,BG,52.86807233341525,.458298999147,53.32637
2013,BH,,.001167,.001167
2014,BH,,.00022,.00022
2015,BH,,.003694,.003694
2016,BH,,.0056845642721954,.0056845644
2013,BI,.93055,.012421,.94297099
2014,BI,1.112125,.016087,1.128212
2015,BI,.77595,.007323,.78327298
2016,BI,.457075,.0112691023728444,.46834409
2017,BI,.100775,.044608,.145383
2018,BI,,.04207351,.042073511
2020,BI,,.02990541,.02990541
2013,BJ,,.001894788786542,.0018947888
2014,BJ,,.029595,.029595001
2015,BJ,,.007583,.0075830002
2016,BJ,,.0116692070590302,.011669207
2017,BJ,.05,.004646,.054646
2018,BJ,.05,.01015122377,.060151223
2019,BJ,,.00075205934311,.00075205934
2020,BJ,,.0075470634793551,.0075470633
2018,BM,,.001297,.001297
2019,BM,,.02361414001743,.02361414
2020,BM,,.00137837164386,.0013783717
2013,BO,,.041184,.041184001
2014,BO,,.01664,.01664
2015,BO,,.03109,.031090001
2016,BO,5.057675,,5.0576749
2017,BO,3.989925,.050052,4.0399771
2018,BO,3.34085,.0275656993,3.3684158
2019,BO,2.269975,.06308442445059,2.3330595
2020,BO,3.381775,.02133831,3.4031134
2013,BR,.8,3.585921,4.385921
2014,BR,1,6.510114,7.5101142
2015,BR,11.625,12.52736,24.152361
2016,BR,60.72836883,28.67364980059772,89.402016
2017,BR,161.4437926628,54.9134515468,216.35725
2018,BR,621.7923649834601,45.05734031799999,673.18872
2019,BR,3437.305102172003,54.93430754700036,3492.2393
2020,BR,3529.214630537386,84.80280320502166,3614.0176
2018,BS,,.00649161,.0064916098
2019,BS,,.021126,.021126
2020,BS,,.03645248,.03645248
2017,BT,.01,,.0099999998
2018,BT,,.000325,.000325
2019,BT,,.000638420495,.00063842046
2020,BT,,.00060973,.00060972996
2013,BW,.008,.022213349775101,.03021335
2014,BW,,.0184088263843333,.018408826
2015,BW,,.002515,.0025150001
2016,BW,,.00387024340676,.0038702434
2017,BW,2.38119817870606,.009791,2.3909893
2018,BW,15.42399884785,.000390548014,15.42439
2019,BW,39.32060210006239,.00214620723981,39.322754
2020,BW,21.77151764189646,.04319049840806,21.814709
2015,BY,,.0374196917072669,.037419692
2016,BY,,.1456436231554501,.14564362
2017,BY,,.0007233265353074,.00072332652
2019,BY,3.959487899309997,.05814935339118,4.0176373
2020,BY,15.31697064832955,.01721406027598,15.334185
2014,BZ,,.086722,.086722001
2015,BZ,,.005088,.0050880001
2016,BZ,,.0014884627400403,.0014884628
2017,BZ,.0042,.028369,.032568999
2018,BZ,.0005,.039380548384,.039880548
2019,BZ,,.0345942705272,.034594271
2020,BZ,,.08953851046298,.089538507
2013,CA,8.137178,36.116608,44.253784
2014,CA,18.134944,69.67820399999999,87.813148
2015,CA,86.066115,123.646051,209.71216
2016,CA,160.8,173.6975708544694,334.49756
2017,CA,730.720155427,136.85739399315,867.57751
2018,CA,705.694401017168,202.4577279685736,908.1521
2019,CA,226.3331485904052,127.7441675575384,354.0773
2020,CA,169.6715678787542,171.1471592716897,340.81873
2013,CD,1.503275,.0425764285940119,1.5458513
2014,CD,3.4572,.038172907273645,3.495373
2015,CD,3.004875,.0267910903041349,3.031666
2016,CD,2.1343,.0664758491489028,2.2007759
2017,CD,,.170348,.170348
2018,CD,4.680304,.064271356282,4.7445755
2019,CD,3.195525,5.58440511877734,8.7799301
2020,CD,4.431488,.02562463761275,4.4571123
2019,CG,.00955,,.0095499996
2020,CG,,.00008004457136,.00008004457
2013,CH,,8.908507477643987,8.9085073
2014,CH,.132853,10.229681,10.362534
2015,CH,2.191777702425998,15.88822982897397,18.080008
2016,CH,8.9638326,23.69924625398989,32.663078
2017,CH,69.199614316554,17.91475895206402,87.114372
2018,CH,59.33580607000001,24.657422205758,83.993233
2019,CH,47.11648825438922,25.35074531479608,72.467232
2020,CH,48.4088438729013,37.81135216044964,86.2202
2013,CI,,.0124545650142522,.012454566
2014,CI,,.3626624019721861,.3626624
2015,CI,,.010406929966123,.01040693
2016,CI,3.92,.016014851724056,3.9360147
2017,CI,.05043025,.005153,.05558325
2018,CI,.9449199999999999,.00222476,.94714475
2019,CI,15.81316450921236,.28253958523075,16.095705
2020,CI,,.17379302519162,.17379303
2013,CL,11.726,.074197,11.800197
2014,CL,37.338246,.094197,37.432446
2015,CL,46.498231,1.07369,47.571918
2016,CL,92.896394,4.864931496734614,97.761322
2017,CL,143.395439548,7.29982389635,150.69527
2018,CL,286.181274005861,3.0741878035,289.25546
2019,CL,586.6195270191665,2.47381153542464,589.09332
2020,CL,967.6430785040004,3.80074273929536,971.44385
2013,CM,.284475,.1829909322589478,.46746594
2014,CM,2.13855,,2.13855
2015,CM,6.04615,1.025516745818199,7.0716667
2016,CM,.376025,.0209532677853716,.39697829
2017,CM,4.73122563,.172232,4.9103456
2018,CM,9.928885399999999,.08850186,10.017387
2019,CM,.165625,.8145842445977699,.98020923
2020,CM,.136625,.13788134117542,.27450633
2013,CN,4813.909986089702,1.718063403921516,4815.6284
2014,CN,22292.85137926123,30.30025580262695,22323.15
2015,CN,92130.21441511618,2169.808613894611,94300.023
2016,CN,236080.2031986604,2756.839531487112,238837.05
2017,CN,355578.9474801806,1207.891385998285,357815.03
2018,CN,214365.715023121,27.978441717778,214393.7
2019,CN,84336.6089324526,10.06617971809664,84346.672
2020,CN,1152.768942603729,8.411364938228852,1161.1803
2013,CO,,.01661,.01661
2014,CO,,.151658,.151658
2015,CO,,.333729,.333729
2016,CO,130.669975,.434089569602275,131.10406
2017,CO,49.926067289,.7036824393800001,50.629753
2018,CO,191.295551255612,1.17165363272,192.46719
2019,CO,453.5457972419662,2.58354910914151,456.12933
2020,CO,520.3595062013319,4.08470770042417,524.44421
2015,CR,,.070687,.070687003
2016,CR,,.1412982747046544,.14129828
2017,CR,9.797025,.1669521,9.9639769
2018,CR,17.819427569452,.202816321686,18.022243
2019,CR,53.41180190363,.03781365766663,53.449612
2020,CR,73.978575771981,.18162316114288,74.160202
2013,CU,,.026599,.026598999
2014,CU,,.011869,.011869
2015,CU,,.142362,.142362
2016,CU,,.22193878348,.22193877
2017,CU,,.10772915403,.10772916
2018,CU,,.006881,.006881
2020,CU,,.0049323894885,.0049323896
2014,CV,,.002273,.0022730001
2015,CV,,.00437,.0043700002
2016,CV,,.0067248364562789,.0067248363
2017,CV,,.00002,.000019999999
2013,CW,,1.3,1.3
2014,CW,,3.2029,3.2028999
2015,CW,,14.264108,14.264108
2017,CW,,.008836,.0088360002
2018,CW,,.00472136,.0047213598
2020,CW,,.00512105,.0051210499
2014,CY,,,.00265706
2015,CY,,.049970505976,.049970508
2016,CY,,.0879436195620853,.087943614
2017,CY,,.0062875309357195,.0062875305
2018,CY,63.1614276,.254036140312,63.415462
2019,CY,,.18498324061221,.18498324
2020,CY,1.40326883301856,.71351347018386,2.1167822
2013,CZ,,.3132679717439987,.31326798
2014,CZ,,.6267260563199987,.64426267
2015,CZ,7.934716028,2.134140005123,10.068856
2016,CZ,30.872930126562,3.910139807713652,34.78307
2017,CZ,29.66280667397341,.2799778082320736,29.942783
2018,CZ,54.929794633474,2.717602833334,57.6474
2019,CZ,66.96365642509022,3.66170976314775,70.625366
2020,CZ,132.1347388536566,7.263322659515899,139.39807
2013,DE,48.33293215860001,34.59121115271601,82.924141
2014,DE,114.90987382,57.50613181355,172.54884
2015,DE,205.5777468949995,70.45189070772388,276.02963
2016,DE,237.624893237154,118.5344747634949,356.15936
2017,DE,454.238432373687,216.139155568411,672.75189
2018,DE,882.5637795554001,393.6377012425236,1276.2014
2019,DE,953.4566317662787,463.3026186825979,1416.7593
2020,DE,1031.193556883387,498.1896740318481,1529.3832
2013,DK,,.411030072087,.41103005
2014,DK,,.664265,.66426498
2015,DK,21.78602499423099,5.375638011710988,27.161661
2016,DK,89.62630229121,7.763859414468538,97.39016
2017,DK,44.96049302713227,4.155527678801707,49.11602
2018,DK,140.5856260287,4.159734988385,144.74536
2019,DK,146.9329070641308,2.24929324383252,149.18221
2020,DK,62.2425092714678,9.26386576725355,71.506378
2015,DM,,.0001,.000099999997
2016,DM,,.0085,.0085000005
2020,DM,,.000225,.000225
2015,DO,,.081985,.081984997
2016,DO,,.0860126505402977,.086012647
2017,DO,.5242,.422903,.94710302
2018,DO,.49845,.46398051,.96243048
2019,DO,29.45603687679095,.135125596814,29.591162
2020,DO,33.68541450741558,.66170048,34.347115
2013,DZ,,15.347655522752,15.347656
2014,DZ,,12.80181435355,12.801814
2015,DZ,,11.80285789938523,11.802858
2016,DZ,,.0250122859478936,.025012285
2019,DZ,,.01455912274212,.014559123
2020,DZ,,.07481834684691,.074818343
2013,EC,,.015574,.015574
2014,EC,,.07815,.078149997
2015,EC,,.053397,.053397
2016,EC,4.397775,.0296561522744521,4.4274311
2017,EC,6.61625,.2133267575,6.829577
2018,EC,8.613391,.271581703679,8.8849726
2019,EC,10.988765,.1216179125106,11.110383
2020,EC,7.919985,.43700513494964,8.3569899
2013,EE,10.05619248717,,10.056192
2014,EE,29.34865586975,,29.348656
2015,EE,31.45858147992689,3.53079322392,34.989376
2016,EE,84.15964726411309,7.120508964460003,91.280159
2017,EE,83.79070081485534,8.003406321873337,91.794113
2018,EE,151.9337338984,7.592348149649999,159.52608
2019,EE,140.0453983910609,27.33033505396392,167.37573
2020,EE,141.2520814180625,12.69054302922526,153.94263
2013,EG,,.8153037905061479,.8153038
2014,EG,.03405,.5844773479377562,.61852735
2015,EG,.34375,2.618491516618384,2.9622414
2016,EG,.500825,3.842009320174356,4.3428345
2017,EG,.477225,.2691021173199999,1.0663271
2018,EG,.57705,.312862668381,.88991266
2019,EG,.7737000000000001,.03087611830968,.8045761
2020,EG,26.11448502553,.08510603468079,26.199593
2013,ES,3.7489040829,33.23627590922099,36.98518
2014,ES,19.79775406,24.84588508311001,44.723351
2015,ES,32.45865652598597,20.20934652269796,52.668003
2016,ES,86.38893778914601,58.46566687791978,144.85461
2017,ES,139.7824573603401,41.83843690984849,181.6209
2018,ES,347.6519505578935,71.387962176824,419.04019
2019,ES,513.2634596044388,97.20987054943545,610.47333
2020,ES,584.3659677773318,102.5096757792777,686.87567
2013,ET,,.0753104364194905,.075310439
2014,ET,,.4078381176943262,.40783814
2015,ET,,.9171449587595604,.91714495
2016,ET,,.1057189585542497,.10571896
2017,ET,,.3447649265369,.34476495
2018,ET,,.073820773014,.07382077
2019,ET,,.0302961366079,.030296138
2020,ET,,.02160859,.021608589
2013,FI,19.3233181611,2.32422225,21.647539
2014,FI,18.59942,2.8961954,21.495617
2015,FI,60.43974880115177,10.46234712621999,70.9021
2016,FI,121.24270818666,36.16050548268699,157.40321
2017,FI,158.0669008297833,64.24779535893082,222.31468
2018,FI,300.3935110522499,78.798024859766,379.19153
2019,FI,435.4947162835776,23.32361161026914,458.81833
2020,FI,376.010114001941,19.32478403835037,395.3349
2018,FJ,.843325,.04178910744,.88511413
2019,FJ,.8049500000000001,,.80495
2020,FJ,.537625,.01282002,.55044502
2013,FR,58.61024451,29.82383952050096,99.083305
2014,FR,125.2139525,53.60409837937,198.56664
2015,FR,201.0373065690167,152.2410442099768,353.27838
2016,FR,343.6051780236299,147.7225913451455,491.32779
2017,FR,552.17060941581,195.0169025774957,747.27448
2018,FR,647.43415661265,279.4161415386309,933.13293
2019,FR,945.0399020451514,394.8519156122263,1339.8918
2020,FR,1262.851037896555,567.6262980749533,1830.4773
2015,GA,,.000021,.000021
2013,GB,904.889615229959,555.0364310757749,1467.7094
2014,GB,3124.747283115637,171.286230698094,3370.9595
2015,GB,3948.77863106757,608.2735375142187,4557.0522
2016,GB,5577.676132023833,630.1309067412653,6207.8071
2017,GB,7111.50434388768,843.5056340134416,8004.7837
2018,GB,9312.74954595758,937.736279574793,10358.633
2019,GB,8898.604078372864,2746.078350471305,11644.683
2020,GB,6769.94574004188,6655.131616307298,13425.077
2013,GE,.06640635,,.066406354
2014,GE,.132853,,.132853
2015,GE,.136117899942,.0432157656498629,.17933367
2016,GE,113.4597441510423,.0641251295669143,113.52387
2017,GE,195.7744589240512,.0098310294888808,195.78429
2018,GE,192.9726453252,.04435426,193.017
2019,GE,57.71213083360988,,57.712132
2020,GE,17.90986711377972,.00401145,17.913879
2013,GH,2.16935,1.079907896542888,3.249258
2014,GH,2.1012,.5991737250521646,2.7003736
2015,GH,3.217775,1.947772316045368,5.1655474
2016,GH,1.4265,.6574352250956679,2.0839353
2017,GH,1.799225,.366903842465,2.1661286
2018,GH,4.91039,.279836670916,5.1902266
2019,GH,585.43834473,.02518554947538,585.46356
2020,GH,527.8868574897328,.63429218761938,528.52118
2013,GM,,.003634,.003634
2014,GM,,.04355582161095,.043555818
2015,GM,,.0155899782827694,.015589979
2016,GM,,.0239908591095109,.02399086
2017,GM,,.011878,.011878
2018,GM,,.00760434375,.0076043438
2019,GM,,.0021323244533,.0021323245
2020,GM,,.006374591251,.0063745915
2015,GN,,.0033717967521909,.0033717966
2016,GN,,.0051887372362233,.0051887375
2017,GN,,.039209,.039209001
2018,GN,,.00014,.00014
2019,GN,,.00517,.0051699998
2020,GN,,.03248375102324,.032483753
2014,GR,,.005978385,.005978385
2015,GR,,1.362808568967999,1.3628086
2016,GR,,2.560661777872778,2.5606618
2017,GR,,1.853599737459689,1.8535998
2018,GR,,.58125409228985,.58125407
2019,GR,.569310513255,.9483364695489401,1.517647
2020,GR,8.817426861,3.631371588669893,12.448799
2013,GT,,.063223,.063222997
2014,GT,,.027863,.027863
2015,GT,,.043739,.043738998
2016,GT,3.497725,.003524,3.5012491
2017,GT,4.299075,.48106,5.0401969
2018,GT,11.201526,.17204599065,28.335972
2019,GT,7.92508364417142,.2730398064543,8.1981239
2020,GT,6.230233539483205,.41587275560918,6.6461067
2013,HK,,.664842329999999,.66484231
2014,HK,.25,3.12353998,3.3735399
2015,HK,5.5,3.763119788,9.2631197
2016,HK,,4.144053358045791,4.1440535
2017,HK,.55,7.64451,8.1945105
2018,HK,4,47.395464767641,51.395466
2019,HK,289.228051760202,17.94942706527968,307.17749
2020,HK,473.02774,38.6183258316452,511.64609
2015,HN,,.007144,.0071439999
2016,HN,,.005235593055,.0052355933
2017,HN,1.3381,.09771,1.43581
2018,HN,9.099262,.014263046328,9.1135254
2019,HN,1.99794358318518,.01172731345215,2.009671
2020,HN,1.6622722044,.03412698895625,1.6963992
2015,HR,,.2055577657969999,.20555776
2016,HR,,.3248548274912242,.32485482
2017,HR,,.5215001919936826,.52150017
2018,HR,,.5972825730129999,.59728259
2019,HR,1.832,.56671448389434,2.3987145
2020,HR,.821279,1.2627173487808,2.0839963
2013,HT,,.017382,.017382
2014,HT,,.115984,.115984
2015,HT,,.074739,.074739002
2016,HT,,.1954646078386569,.19546461
2017,HT,1.171375,.708105,1.87948
2018,HT,1.05835,.04430038,1.1026504
2019,HT,.895997125997,,.89599711
2020,HT,.6780558026000001,.01949386,.6975497
2013,HU,,.002656254,.002656254
2014,HU,,.051148405,.051148407
2015,HU,,.314976478567,.31497648
2016,HU,,.5177204795492703,.51772046
2017,HU,,.1226591683466945,.12265917
2018,HU,,.5582008013480001,.55820084
2019,HU,.009180621846,.44869469740874,.45787531
2020,HU,,.7962146066373701,.79621464
2013,ID,.5,1.321321,1.821321
2014,ID,1,1.62735652,2.6273565
2015,ID,.11,2.1538688,2.2638688
2016,ID,28.726839,6.624076350068785,35.350918
2017,ID,58.486975,18.627847,77.114822
2018,ID,1447.46312071458,3.765841525459,1451.229
2019,ID,1430.382061321665,16.29188561481345,1446.674
2020,ID,1416.659942666309,21.23392782132925,1437.8939
2014,IE,.01062824,,.01062824
2015,IE,2.220121999999989,1.529406523847999,3.7495284
2016,IE,82.99845000000001,1.982620664041351,84.981071
2017,IE,119.53447423791,1.132043825344877,120.66651
2018,IE,18.8984,.988976570756,19.887377
2019,IE,17.78790602060109,14.67422181744139,32.462128
2020,IE,20.405683918216,134.3495599126011,154.75525
2013,IL,.3237,26.96102763093404,27.284727
2014,IL,7.397375,72.03751577099362,79.434891
2015,IL,20.200225,116.1066295778869,136.30685
2016,IL,33.1753,105.0480674290684,138.22336
2017,IL,171.052048,124.402996291692,295.45505
2018,IL,687.428865,38.398361526504,725.82721
2019,IL,649.0677273196878,10.99659927280558,660.06433
2020,IL,631.1066557566201,16.17361228274138,647.28027
2013,IN,3.83908,1.25179981,5.0908799
2014,IN,5.112221,6.96329008,12.075511
2015,IN,19.773092,20.13555308,39.908646
2016,IN,90.44,33.7236733159343,124.16367
2017,IN,227.30602,39.09481,268.5798
2018,IN,499.2905380451559,48.122993518543,547.41351
2019,IN,3304.779767553526,44.78575862152302,3349.5654
2020,IN,2248.433728840777,115.221771182669,2363.6555
2013,IQ,1.6744,.00308,1.67748
2014,IQ,2.6953,.0336016565546514,2.7289019
2015,IQ,.04455,.0093543540636174,.053904355
2016,IQ,,.0076569726545996,.0076569729
2017,IQ,,.1079048278,.10790483
2018,IQ,,.04314005825,.043140057
2019,IQ,,.03168531111197,.031685311
2020,IQ,,.20387434768377,.20387435
2013,IR,,.046963927803721,.04696393
2014,IR,,.0612702309951081,.06127023
2015,IR,,.195235,.195235
2016,IR,,.1254408265251584,.12544082
2017,IR,,.252292263,.25229228
2018,IR,,.44257032955,.44257036
2013,IS,,.138102629841,.13810262
2014,IS,,.3668868448,.36688685
2015,IS,,.9417890731319988,.94178909
2016,IS,,1.112205962920673,1.112206
2017,IS,,.6541121351371311,.6541121
2018,IS,,.564412645321,.56441265
2019,IS,,.7286970433216,.72869706
2020,IS,,.1589218300775,.15892182
2013,IT,,1.5937524,1.5937524
2014,IT,3.321325,4.693032225,8.0143566
2015,IT,16.61222160372298,18.48203166340397,35.094254
2016,IT,116.150755492452,24.4582228580906,140.60898
2017,IT,252.12182982765,19.79019708469593,271.91992
2018,IT,495.3917059771999,37.19170213696299,532.58344
2019,IT,1499.747300585569,85.40968198604017,1585.157
2020,IT,1880.199255835339,110.0014323184804,1990.2007
2013,JM,,.01003,.01003
2014,JM,,.031603,.031603001
2015,JM,,.049328,.049327999
2017,JM,,.012481,.012481
2018,JM,,.0014138,.0014138001
2019,JM,,.09481717911784,.094817176
2020,JM,,.00787849,.0078784898
2013,JO,1.2555,.0974578140243739,1.3529578
2014,JO,1.3613,.0631135136908259,1.4244134
2015,JO,3.9329,.2331381930959197,4.166038
2016,JO,3.253656,.0021205548367854,3.2557764
2017,JO,6.638216809999999,.078293,6.7165098
2018,JO,12.8162402,.01693027256,12.83317
2019,JO,1.85110296275276,.01091848424945,1.8620214
2020,JO,2.478584946956,.0046502,2.4832354
2013,JP,78.537634,8.245480487756881,86.783112
2014,JP,107.631887,7.363025376916871,114.99491
2015,JP,326.003393,25.6477825685293,351.65115
2016,JP,373.3344263999999,25.11829340928893,398.45273
2017,JP,236.109768,112.540534,348.6503
2018,JP,920.40102402,148.625814966912,1069.0269
2019,JP,312.2100071168692,286.4424988585199,598.65253
2020,JP,654.5455978803978,501.1657111699008,1155.7113
2013,KE,9.283374999999999,2.429790359450112,11.713165
2014,KE,10.8737,4.006749771164477,14.88045
2015,KE,10.904275,5.16631884915141,16.070595
2016,KE,10.509875,2.233701824484093,12.743577
2017,KE,16.96880191,2.742499133914,19.711302
2018,KE,31.56503103059,3.448169562441,35.013199
2019,KE,73.66595335659281,3.07813156706117,76.74408
2020,KE,79.36644129636719,1.594924820271161,80.961365
2017,KG,1.41815,.019146,1.437296
2018,KG,1.693375,.00687399,1.700249
2019,KG,3.0913,.0277171122955,3.1190169
2020,KG,3.17945,,3.17945
2016,KH,4.493244,.021116,4.51436
2017,KH,8.189679,.35785,8.5475292
2018,KH,9.661398116948,.327807542967,9.9892063
2019,KH,4.39700249677,.25307412982013,4.6500764
2020,KH,4.5064708026,.28050266339167,4.7869735
2013,KR,.83364,1.33113458,2.1647744
2014,KR,1.220813,1.685887516349349,2.9067006
2015,KR,38.297819,2.88297458424003,41.180798
2016,KR,367.8403453772399,8.466549962789951,376.30692
2017,KR,854.91685,275.001248,1129.9181
2018,KR,550.5513331915259,202.828331480196,753.3797
2019,KR,1447.179359006193,157.3065587455017,1604.4858
2020,KR,1123.6364434364,179.9596441470201,1303.5962
2013,KW,,.0934741235031578,.093474127
2015,KW,,.006195,.0061949999
2017,KW,,.31068275411,.31068274
2018,KW,,.18,.18000001
2019,KW,,.005,.0049999999
2020,KW,,.02262314842,.022623148
2016,KZ,,.0065,.0065000001
2017,KZ,27.565828,.084105,27.649933
2018,KZ,86.83580341725001,.136926585912,86.972725
2019,KZ,260.4085368288713,.000662,260.40921
2020,KZ,172.7331203400911,.01147076,172.7446
2017,LA,.294125,.001405,.29552999
2018,LA,.052525,,.052524999
2019,LA,,.02438766291,.024387661
2020,LA,,.00282641040061,.0028264103
2013,LB,1.663275,.260104,1.9233789
2014,LB,1.850775,.453461,2.3042359
2015,LB,3.155775,.975575844674399,4.1313505
2016,LB,3.704925,.7764785040890162,4.4814034
2017,LB,5.284925,.612696,5.8976212
2018,LB,6.064325,.170075457144,6.2344003
2019,LB,232.5077190952668,.05412928115126,232.56184
2020,LB,103.0367940055525,.67409459488745,103.71089
2017,LC,,.04004,.040040001
2018,LC,,.00003291,.00003291
2020,LC,,.00966261,.0096626105
2017,LI,,.0898247329025832,.089824736
2019,LI,,.04268171322999,.042681716
2015,LK,,.04225717,.042257171
2016,LK,,.00086448021,.00086448021
2017,LK,,.038926,.038926002
2018,LK,,.09886592275,.098865919
2019,LK,,.07911443764161,.079114437
2020,LK,,.17205686735835,.17205687
2013,LR,.83905,.011902,.85095203
2014,LR,.54835,.1168983427562843,.66524833
2015,LR,.015875,.043581,.059455998
2016,LR,.129375,.0670652397256495,.19644023
2017,LR,.79515,.126108,.92125797
2018,LR,.734725,.11445605865,.84918106
2019,LR,1.108,.03169374705378,1.1396937
2020,LR,.985075,.06462367,1.0496986
2014,LS,,.001825,.001825
2015,LS,.0234,.1095846847510349,.13298468
2016,LS,.196475,.0238523947533918,.22032739
2017,LS,.295925,.048038987008,.34396401
2018,LS,.075575,.007754636481,.083329633
2019,LS,.2469,.0238915345566,.27079153
2020,LS,.151175,.01687080746736,.16804582
2015,LT,3.19603212815,.038521336822,3.2345536
2016,LT,29.02310803302229,.2422604519266874,29.265368
2017,LT,68.07877482015759,1.190936466831566,69.269714
2018,LT,122.821553280019,3.075477396888,125.89703
2019,LT,179.664334182487,1.76307072045407,181.42741
2020,LT,189.4924770724996,6.178964209302309,195.67143
2016,LU,,.169057882836,.16905789
2017,LU,,.2202252215595,.22022521
2018,LU,4.0412220445,.2592914243,4.3005133
2019,LU,3.35876409,11.44295770399126,14.801722
2020,LU,5.711014959650001,10.50740545525528,16.21842
2015,LV,16.67783952955499,.1832311089039989,16.861073
2016,LV,29.98728858101614,.071284030225395,30.058573
2017,LV,104.0384744693181,4.198194605783258,108.23666
2018,LV,254.4952209195,.0405889994,254.53581
2019,LV,356.5767599722861,3.29022067162734,359.86697
2020,LV,75.8108800630242,10.50278620306645,86.313667
2013,MA,,.1631728400174687,.16317284
2014,MA,,.4133433327773188,.41334334
2015,MA,,.1310084173190431,.13100842
2016,MA,,.7244107469331894,.72441077
2017,MA,,.0616837,.061683699
2018,MA,,.09964333,.099643327
2019,MA,.0002079962,.2276682045,.2278762
2020,MA,.00063188478,.02541829395855,.02605018
2015,MC,,.431813729,.43181372
2016,MC,,2.135567824836,2.1355677
2017,MC,,.0097748558460038,.0097748553
2018,MC,.0354345,1.535495,1.5709295
2019,MC,,11.03658867,11.036589
2015,MD,,.0233035105729999,.023303511
2016,MD,,.0411034020274926,.041103404
2017,MD,.332459710168662,.0764912801901085,.40895101
2018,MD,59.04259761804999,.02484238,59.06744
2019,MD,179.1307827895536,.01235913226317,179.14314
2020,MD,93.81839052893405,.0342286998706,93.852623
2015,ME,,.010621063648,.010621063
2016,ME,,.0187337374648239,.018733738
2018,ME,,.0014,.0014
2013,MG,,.0315243158295858,.031524315
2014,MG,,.3311702965746717,.33117029
2015,MG,.3138,.6849725326700961,.99877256
2016,MG,.60875,.0765384876031901,.68528849
2017,MG,.6142,.071967,.686167
2018,MG,.8319,.03008053,.8619805
2019,MG,.92355,.0416633215037,.9652133
2020,MG,1.124375,.02260271843943,1.1469778
2015,MK,,.010084904185,.010084905
2016,MK,,.1386557936773011,.1386558
2017,MK,,.0566902332950905,.056690235
2018,MK,3.24043423555,.792624546706,4.0330586
2019,MK,33.41270427701938,.9486593387744701,34.361362
2020,MK,20.14148318394325,.2919069955182501,20.43339
2013,ML,1.7769,.4541891229685079,2.2310891
2014,ML,3.096295,.0355259598504028,3.1318209
2015,ML,1.7477,.5433144446353545,2.2910144
2016,ML,1.8377,.3397874365124386,2.1774876
2017,ML,1.802775,.053169,1.855944
2018,ML,1.263741,.004344544013,1.2680855
2019,ML,.7467321434470001,.00010466384136,.74683684
2020,ML,1.12541553856,.13693489378214,1.2623503
2017,MM,1.610425,.008081,1.618506
2018,MM,1.227675,.01852579,1.2462008
2019,MM,1.475186139,.002954,1.4781401
2020,MM,1.273667799152772,.16350774403037,1.4371755
2013,MN,1.657075,.004346,1.6614209
2014,MN,1.782624,.007861,1.790485
2015,MN,.374725,.02342533,.39815035
2016,MN,.25,.00738642475,.25738642
2017,MN,,.019015,.019014999
2018,MN,37.69006779999999,.06454798755,37.754616
2019,MN,.062896351372284,.130385,.19328134
2020,MN,.42881625,.116733,.54554927
2018,MO,,.00571745,.0057174503
2020,MO,,.0127684099,.01276841
2015,MT,,.0162357521859999,.016235752
2016,MT,,.2289123136658051,.22891231
2017,MT,,.411204957018226,.41120496
2018,MT,,.4118360237729999,.41183603
2019,MT,.1231546833,.72830181445527,.85145652
2020,MT,,.3452941842066201,.34529418
2013,MU,,.00438943804487,.0043894378
2014,MU,,.001051743451283,.0010517434
2015,MU,,.146426435789553,.14642644
2016,MU,,.0234153573269425,.023415357
2017,MU,,.00996868187,.0099686813
2018,MU,1.26280968,.015212545974,1.2780222
2019,MU,.511105670625,.02886385815669,.5399695
2020,MU,1.274471,.00896161204769,1.2834326
2013,MW,.049975,.0540311442431919,.10400614
2014,MW,.11775,.1226509245100827,.24040093
2015,MW,.541075,.0409821240521033,.58205712
2016,MW,1.051178,.1441250857825378,1.1953031
2017,MW,1.717439,.16884646414,1.8862855
2018,MW,2.246985,.032648874343,2.2796338
2019,MW,2.096653606,.03743331092435,2.1340871
2020,MW,1.14326812294658,.03991795157695,1.1831862
2013,MX,.7825,.592417,1.374917
2014,MX,2.796625,1.721565,4.5181899
2015,MX,9.214625,3.968426,13.183051
2016,MX,105.934173,8.252157867467719,114.18633
2017,MX,112.43860940767,41.31780774695,153.75641
2018,MX,185.248840013038,26.98624329454379,213.7968
2019,MX,524.9146313905023,24.02316739468313,548.93781
2020,MX,516.2195587074924,20.61514808467979,536.83472
2013,MY,,.667009,.667009
2014,MY,,1.032912,1.032912
2015,MY,,3.36207438,3.3620746
2016,MY,1,7.28588717592047,8.2858868
2017,MY,4.679602,10.497001,15.176603
2018,MY,55.2115222514,6.431782438532999,61.643307
2019,MY,131.7443947087163,8.373125280023469,140.11752
2020,MY,110.0772050836,24.65880791962791,134.73602
2013,MZ,.30285,.2744268711168181,.57727689
2014,MZ,.375075,.0493141990433301,.42438918
2015,MZ,.59255,.0440302350653691,.63658023
2016,MZ,.539225,.0677565514750851,.60698158
2017,MZ,.533725,.00805808101,.54178303
2018,MZ,.55325,.013352193604,.56660217
2019,MZ,.6521,.0027587159695,.65485871
2020,MZ,.514225,.00580165982031,.52002668
2013,NA,.00715,.007277156157575,.014427156
2014,NA,,.012990944623046,.012990944
2015,NA,.0108,.344279922036818,.35507995
2016,NA,.017425,.1447485890317021,.1621736
2017,NA,,.049827,.049826998
2018,NA,.06,.022408744312,.082408741
2019,NA,2.41479941549747,.01541348017231,2.430213
2020,NA,8.3506409316205,.03374912302518,8.3843899
2013,NE,,.003275,.003275
2015,NE,,.00034,.00034
2016,NE,,.012372873820397,.012372874
2017,NE,,.006006,.0060060001
2018,NE,,.00576122,.0057612201
2020,NE,,.00219264,.00219264
2013,NG,3.305325,.00365,3.308975
2014,NG,6.909475,.961776274364006,7.8712516
2015,NG,5.35325,2.593414214401266,7.9466639
2016,NG,10.600775,25.21848724198121,35.819263
2017,NG,1.888895935,.91991453486,2.8088105
2018,NG,9.936788770750001,4.4931747721637,14.429964
2019,NG,14.2428388840415,.10618373387937,14.349023
2020,NG,5.267823755227998,.37790893024811,5.6457329
2013,NI,,.028433,.028433001
2014,NI,,.018488,.018487999
2015,NI,,.047289,.047288999
2016,NI,2.0208,.0922011941666787,2.1130013
2017,NI,2.7239,.143860489665,2.8677604
2018,NI,16.2880178,.0457549275,16.333773
2019,NI,2.0455418807486,.00234302499057,2.0478849
2020,NI,4.1199650667,.05724638,4.1772113
2013,NL,46.72350786,11.278139717901,59.911751
2014,NL,71.474914,21.595122297,98.134315
2015,NL,91.30963052088785,31.41681210461897,122.72645
2016,NL,168.05739738678,46.84404958181688,214.90144
2017,NL,259.58306296221,43.14586893713246,316.28763
2018,NL,1767.881556196013,38.417005038392,1806.2986
2019,NL,2849.351490049385,26.50163887346451,2875.853
2020,NL,535.667260293596,22.96993881222377,558.63721
2013,NO,,.07827980538,.078279808
2014,NO,,.1317901759999997,.13179018
2015,NO,,1.487946855558999,1.4879469
2016,NO,,5.410717270982357,5.4107175
2017,NO,3.26937739104,10.0489598759897,13.318337
2018,NO,14.99593358,17.518323371914,32.514259
2019,NO,33.56570081108464,20.2998465942209,53.865547
2020,NO,58.20744692688356,64.9604261531471,123.16787
2013,NP,,.011981,.011981
2014,NP,,.00398,.00398
2015,NP,,.039657,.039657
2016,NP,,.2101726561593722,.21017265
2017,NP,.1114,.90345,1.01485
2018,NP,.11335,.266078383555,.37942839
2019,NP,.104975,.07657063185576,.18154563
2020,NP,.055675,.35239692443027,.40807194
2013,NZ,.424699,2.579790725,3.0044897
2014,NZ,13.556729,8.451257969999999,22.007986
2015,NZ,244.972,22.79823243999998,267.77023
2016,NZ,190.307552,32.94114560357427,223.2487
2017,NZ,243.323212,18.298721,261.62195
2018,NZ,247.651659028456,28.55357334848,276.20526
2019,NZ,283.615742833995,16.18115387528132,299.79691
2020,NZ,190.7023733588052,32.1792020513285,222.88156
2015,PA,,.009573,.0095729996
2016,PA,.8,.11990901,.919909
2017,PA,4.83,.047418,4.877418
2018,PA,3.0594,.36116428,3.4205642
2019,PA,.1442,.003623,.14782301
2020,PA,.1819,.04587019085,.22777019
2013,PE,,.00956,.0095600002
2014,PE,,.068987,.068986997
2015,PE,.075,.200941,.27594101
2016,PE,9.759938999999999,.0926718981031167,9.8526106
2017,PE,28.181812383,1.0869988969,29.26881
2018,PE,157.8796032096,.581839716184,158.46144
2019,PE,90.21684657092104,.7552540078232901,90.972107
2020,PE,83.30996390999083,.2852438683643,83.5952
2018,PG,.022825,.00381926,.02664426
2019,PG,.1148,,.1148
2020,PG,.10715,.0000202561501825,.10717026
2013,PH,,.1405565,.1405565
2014,PH,,.16790463,.16790463
2015,PH,,.191032019999999,.19103202
2016,PH,,.1297861201667126,.12978612
2017,PH,18.391014,.89679,19.287804
2018,PH,115.281067526374,1.263052818136,116.54412
2019,PH,270.0391148303005,.22500809158928,270.26413
2020,PH,64.2852726189241,.83836769658309,65.123642
2013,PK,.004,.02924087,.03324087
2014,PK,.02,.0360721,.056072101
2015,PK,.076,.03713462,.11313462
2016,PK,,.0895785412821895,.089578539
2017,PK,7.781649,.790113,8.5717621
2018,PK,4.848795,.640111397123,5.4889064
2019,PK,4.527406,.90982906067,5.4372349
2020,PK,1.172947,16.5358591550375,17.708805
2013,PL,2.113923964566,.657422865,2.7713468
2014,PL,2.18480611237,1.792851235,4.1769366
2015,PL,6.607083071999989,4.770602593843986,11.377686
2016,PL,35.94778143731758,6.258517129285363,42.206295
2017,PL,149.495550942679,11.47193775527366,160.96748
2018,PL,310.2549893006945,23.038193422814,333.29318
2019,PL,477.3749263743428,46.47619708219041,523.85107
2020,PL,304.7941218135985,85.15489192412335,389.94901
2013,PT,,.257219684217,.2572197
2014,PT,,.5978385000000001,.59783852
2015,PT,.884718617,.9073516507289989,1.7920703
2016,PT,3.650825154,1.242037820473558,4.8928628
2017,PT,8.691113880000001,1.16840274209541,9.8595171
2018,PT,15.2972768078,1.225414949355,16.522692
2019,PT,27.98186363379,1.56050158959062,29.542366
2020,PT,17.43200310110999,2.094797326472114,19.526802
2014,PY,.016196,,.016195999
2015,PY,.085036,,.085036002
2016,PY,9.463050000000001,.010588,9.4736376
2017,PY,10.560973,.01624,10.577213
2018,PY,21.913836130528,.01018614,21.924023
2019,PY,9.354049168467689,,9.3540487
2020,PY,8.279724999999999,.00601189,8.285737
2013,QA,,1,1
2014,QA,,2.5,2.5
2015,QA,,5,5
2018,QA,,.002722,.002722
2020,QA,,.02078542925875,.02078543
2013,RO,,.00139453335,.0013945333
2014,RO,,.00534733325,.0053473329
2015,RO,,.7459665423049975,.74596655
2016,RO,,1.296947072803124,1.2969471
2017,RO,5.264441620312034,6.403734298364058,11.668176
2018,RO,18.9269743808,1.721155600519,20.64813
2019,RO,26.83211491003346,3.01883334508424,29.850948
2020,RO,30.26153177350307,5.18780937286859,35.449341
2015,RS,,.147261802321,.1472618
2016,RS,,.1364270348839062,.13642703
2017,RS,,.4044588289636308,.40445885
2018,RS,,.162248627,.16224863
2019,RS,,.06889847097112,.068898469
2020,RS,,.18050332600816,.18050332
2015,RU,6.660366,.8982003078449988,7.5585666
2016,RU,.85961494665,4.415298413194011,5.2749133
2017,RU,30.16508909332,1.967803466090151,32.132893
2018,RU,116.3571747732,1.901764155908,118.25894
2019,RU,309.1386209515373,4.14256995633878,313.28119
2020,RU,233.2239263212464,6.0404099848939,239.26434
2013,RW,1.80545,.2035292290386279,2.0089793
2014,RW,2.3511,.1629303581713404,2.5140302
2015,RW,4.1664,.0772148235212779,4.2436152
2016,RW,5.116472,.2106683268126323,5.3271403
2017,RW,6.346875,.14054319291,6.4874182
2018,RW,11.124368,.272781360784,11.397149
2019,RW,6.719959,.01272869385703,6.7326875
2020,RW,9.196377007800001,.17808193213146,9.3744593
2016,SA,,.03,.029999999
2017,SA,.1865311,,.1865311
2018,SA,,.015311,.015311
2019,SA,,5.847891900470001,5.8478918
2020,SA,2.71091506,3.75215816552327,6.4630728
2014,SC,,.0087677526476328,.0087677529
2015,SC,,.00108,.00108
2016,SC,,.0016619733118492,.0016619733
2017,SC,,.000529,.00052900001
2020,SC,,.000300441606169,.00030044161
2014,SD,,.0749684002884873,.074968398
2017,SD,,.10688,.10688
2013,SE,92.96889,3.5859429,96.674362
2014,SE,132.853,4.782708,137.79514
2015,SE,2.514732189399999,12.30962738784499,14.82436
2016,SE,6.934236089478001,88.77074470846478,95.704987
2017,SE,122.3612760938732,99.52891419570993,221.8902
2018,SE,176.58216687878,90.94453080329201,267.5267
2019,SE,284.9115648990247,8.96253671715907,293.87408
2020,SE,354.3830089632928,80.67867280819878,435.06171
2013,SG,,8.191342329999999,8.1913424
2014,SG,5.37,16.95792865,22.327929
2015,SG,21.33,18.43125366,39.761253
2016,SG,100.919654,62.82894300501409,163.7486
2017,SG,137.907868,52.913846,190.82172
2018,SG,333.8749612204389,115.778272484345,499.65326
2019,SG,386.5611903136951,115.7772905730514,502.33847
2020,SG,678.1799351492529,290.3827309664707,968.56262
2015,SI,.01110061,1.816399474665989,1.8275001
2016,SI,3.319938,1.925256123155785,5.245194
2017,SI,15.366504,1.146787869471731,16.513292
2018,SI,36.00973068035,.67008126485,36.679813
2019,SI,97.01006362344,.29599433054316,97.306053
2020,SI,101.098086998,.42244814149059,101.52054
2013,SK,1.328127,,1.328127
2014,SK,1.32853,,1.32853
2015,SK,1.864991284879989,.412131237409,2.2771225
2016,SK,2.71651713558,.9781658409744911,3.6946831
2017,SK,11.39758911216,.0902099921376607,11.487799
2018,SK,22.583588,.1027863849,22.686375
2019,SK,5.814692392608,1.04979097550851,6.8644834
2020,SK,5.28882204555,.8804047543546,6.1692271
2013,SL,1.8061,.031846,1.8379461
2015,SL,.560025,.0452566910064179,.60528171
2016,SL,1.12175,.1076797966182166,1.2294297
2017,SL,1.237125,.32242626783,1.5595512
2018,SL,1.2928,.053558385664,1.3463584
2019,SL,.5583,.01589028612055,.57419032
2020,SL,.570225,.0442355962867975,.61446065
2013,SN,2.037725,.0604214244783367,2.0981464
2014,SN,2.1491,.301673480475373,2.4507735
2015,SN,1.978675,.1274502646533357,2.1061254
2016,SN,1.43185,.8865618899691131,2.3184121
2017,SN,2.7367,.86087602,3.5975759
2018,SN,3.5767031218,.0700242476,3.6467273
2019,SN,3.783007143447,.44793821409876,4.2309456
2020,SN,4.47533153856,.28488564250527,4.7602172
2015,SR,,.006387,.006387
2017,SR,,.031027,.031027
2018,SR,,.01921481,.019214811
2019,SR,,.01840714680123,.018407147
2020,SR,,.01720584,.01720584
2016,SV,4.848275,,4.8482752
2017,SV,5.708525,.020211,5.7287359
2018,SV,4.66085,.0086546,4.6695046
2019,SV,5.181125,.005031,5.1861558
2020,SV,3.370675,.00004206,3.370717
2013,SY,,.0829574389478512,.082957439
2015,SY,,.0018812223258089,.0018812222
2017,SY,,.495824,.49582401
2020,SY,,.00532509685925,.0053250967
2013,SZ,,.008306,.0083060004
2014,SZ,,.012555215158935,.012555215
2015,SZ,,.146040004403125,.14603999
2016,SZ,,.0073560460750368,.0073560458
2017,SZ,,.042465452841,.042465452
2018,SZ,,.04680074,.04680074
2020,SZ,,.04413146,.044131462
2013,TG,.562075,.016609,.57868397
2014,TG,.420925,.0083355517048438,.42926055
2015,TG,.386825,.001538,.388363
2016,TG,.428825,.0023667731052075,.43119177
2017,TG,.718475,.017889,.73636401
2018,TG,.851375,.00708,.858455
2019,TG,1.318269015,.00576979555325,1.3240387
2020,TG,1.334760307366452,.0011269355833066,1.3358871
2013,TH,,.1180735,.1180735
2014,TH,,.23884314,.23884314
2015,TH,,.8796371799999999,.87963718
2016,TH,,3.723952721801954,3.7239528
2017,TH,.822065,2.516303,3.3383679
2018,TH,2.958627434,28.032116321493,30.990744
2019,TH,.50445052180295,6.084119990043311,6.5885706
2020,TH,4.11876612308448,8.125204774125921,12.243971
2017,TJ,4.584475,,4.584475
2018,TJ,4.717375,.0090729,4.7264481
2019,TJ,4.0189019603951,,4.0189018
2020,TJ,5.11906999686,.00869573,5.1277657
2013,TN,,.336403081818267,.3364031
2014,TN,,.020474,.020474
2015,TN,,.038459,.038458999
2016,TN,,.5630172520786414,.56301725
2017,TN,,.0433497129,.043349713
2018,TN,,.00137603975,.0013760398
2019,TN,,.00406074578481,.0040607457
2020,TN,,.1369274316,.13692744
2014,TR,,,.1062824
2015,TR,,.5752025284919989,.57520252
2016,TR,.29201621325,.7012216836755433,.99323785
2017,TR,4.76851657067022,1.368513573606403,6.1370301
2018,TR,.172425,1.788895455338,1.9613205
2019,TR,1.275970521378644,1.55734493230933,2.8333156
2020,TR,29.53675908660495,1.23680739676,30.773567
2017,TT,,.09370733,.093707331
2018,TT,,.02715661,.02715661
2019,TT,,.00320742456688,.0032074247
2020,TT,,.00523728781148,.0052372874
2013,TW,,2.19698473,2.1969848
2014,TW,,4.730056980000001,4.7300568
2015,TW,,13.60602672,13.606027
2016,TW,6.098583,1.437550655863513,7.5361333
2017,TW,73.72971699999999,3.698408,103.50224
2018,TW,16.498456046352,1.479032776794,17.977488
2019,TW,198.516587123614,2.73570940609853,201.2523
2020,TW,42.468384649869,4.394081828317771,46.862465
2013,TZ,1.989575,.1901442097143068,2.1797192
2014,TZ,2.473,1.376661767648203,3.8496618
2015,TZ,1.536225,.424120939572631,1.960346
2016,TZ,2.126975,.1921246735655434,2.3190997
2017,TZ,1.678790985,.385257020464,2.0640481
2018,TZ,4.343673,1.235503239332,5.5791759
2019,TZ,83.04732602249999,.06173651135222,83.109062
2020,TZ,102.9730029610497,.25612616945439,103.22913
2015,UA,,.744977477954,.74497747
2016,UA,,.5097027607227106,.50970274
2017,UA,.254867410778688,1.734556685060858,1.9894241
2018,UA,25.86448253495,1.029291976032,26.893774
2019,UA,538.9654715193775,3.61495638500172,542.58044
2020,UA,396.52925946,4.264162101883771,400.7934
2013,UG,3.024075,.3647175980263559,3.3887925
2014,UG,4.709525,.6207591987963669,5.3302841
2015,UG,3.936175,1.089360341540934,5.0255356
2016,UG,2.9508,.6766993277010819,3.6274993
2017,UG,4.797959,1.124259687935,5.9222183
2018,UG,15.974281,.795185207594,16.769466
2019,UG,60.34489646215632,.06655212426458,60.411449
2020,UG,115.2540557115329,1.06773819238391,116.32179
2013,US,3752.305532999998,646.779255,4399.0845
2014,US,10545.346864,1019.625364,11564.972
2015,US,34408.229929,1797.47326,36205.703
2016,US,32393.957273,2150.638603374149,34544.594
2017,US,40036.48130412,2666.69289838,42773.176
2018,US,57668.2278754,3212.851668836745,61106.082
2019,US,50009.623257,2535.461238930237,52545.086
2020,US,72785.22850319864,2859.004075264541,75644.242
2014,UY,,.005895,.005895
2015,UY,,.191318,.19131801
2016,UY,.7,.28467552216434,.98467553
2017,UY,2.89742,.0083980745,2.905818
2018,UY,5.5,.1643325809,5.6643324
2019,UY,2.53111187321734,,2.5311117
2020,UY,43.30439095000001,.15013048,43.454525
2015,VE,,.018,.017999999
2016,VE,,.0038,.0038000001
2017,VE,,.18791674423,.18791676
2018,VE,,.3476745159,.34767452
2019,VE,.00186544540889,.0174896603193,.019355105
2020,VE,.00416908747206,.49148831424485,.49565741
2013,VN,,.0046565,.0046565002
2014,VN,,.012378,.012378
2015,VN,,.03218117,.03218117
2016,VN,,.0926481762097344,.092648178
2017,VN,5.00028,.24527,5.2455502
2018,VN,16.31228944,1.151170318808,17.463461
2019,VN,44.03087002461734,2.127567998110151,46.15844
2020,VN,121.6557943119283,1.847692496547811,123.50349
2015,VU,,.005535,.005535
2016,VU,,.0085176132232273,.0085176136
2017,VU,,.015134,.015134
2018,VU,,.00609957,.0060995696
2019,VU,,.00182077525174,.0018207752
2020,VU,.0547,.00124102,.055941019
2013,YE,.810875,,.810875
2014,YE,1.174875,,1.174875
2015,YE,.360875,,.36087501
2016,YE,.0831,,.083099999
2017,YE,.140425,.008263,.148688
2018,YE,.019825,.0239857402,.04381074
2019,YE,,.4030208132,.4030208
2020,YE,,1.053613715,1.0536138
2013,ZA,.1562,2.325810643628877,2.4820108
2014,ZA,.13875,1.518736393517722,1.6574863
2015,ZA,10.28935,4.771447428946779,15.060797
2016,ZA,12.175525,21.32310076377166,33.498627
2017,ZA,9.460625,5.99166844749048,15.452293
2018,ZA,17.44880312665,10.03224281951655,27.481047
2019,ZA,4.841391331226161,19.13200025998147,23.973392
2020,ZA,4.02350151895276,20.81205377781065,24.835556
2013,ZM,1.271485,.0975353070257518,1.3690202
2014,ZM,1.488669,.00892345,1.4975924
2015,ZM,1.786385,.01664,1.803025
2016,ZM,.812506,.0385259161758991,.85103196
2017,ZM,1.66681273,.17314679923,1.8399595
2018,ZM,40.70496701705,.059351989351,40.76432
2019,ZM,172.3743673519277,.00899849202254,172.38336
2020,ZM,297.6310003530899,.06136478378562,297.69238
2013,ZW,.663075,.054201,.71727598
2014,ZW,1.290275,.041261,1.3315361
2015,ZW,.7223000000000001,.065553,.787853
2016,ZW,1.133647,.1053608250814392,1.2390078
2017,ZW,1.6246,.19122338268,1.8158233
2018,ZW,2.653505,3.618205301954,6.2717104
2019,ZW,1.59256,.00771778798329,1.6002778
2020,ZW,.001,.25993101252431,.26093102
